month,revenue
1,1.0326682372783598
2,1.2297314738364813
3,1.3097556902164202
4,1.587433155127254
5,1.7795809790388066
6,2.1908423254574156
7,2.1990678181809273
8,2.790199252800629
9,3.1035294526227197
10,3.6351781640741763
11,3.742058625686217
12,4.3861912261900855
